,,,,,,,,,,,,,,,,,,,,,,,SENSOR PROPERTIES,,,,,,,,,,,,,,,,,,,,,,,,,,,,,,,,,,,,,,,,,,,,,,,,,,,,,,,,,,,,,,,,,,,,,,,,,,,,,,,,,,,,,,,,,,,,,,,,,,,,,,,,
,,,,Base dimensions ,,Typical Floor Dimensions,,,,,,,,,,,,,,,,,S1,,,S2,,,S3,,,S4,,,S5,,,S6,,,S7,,,S8,,,S9,,,S10,,,S11,,,S12,,,S13,,,S14,,,S15,,,S16,,,S17,,,S18,,,S19,,,S20,,,S21,,,S22,,,S23,,,S24,,,S25,,,S26,,,S27,,,S28,,,S29,,,S30,,,S31,,,S32,,,S33,,,S34,,,S35,,
STID,Station Name,Stories Above Ground,No. of Stories Below Ground,Base Length (in),Base Breadth (in),Typical Floor Length (in),Typical Floor Breadth (in),Vs30 (m/s),Total_Height (in),Stories,BDType,Network,Siteclass,No of Records,Net,State,Country,Latitude,Longitude,Building_Details,StructOrient (Degrees ),No of Sensors,Height (in),Breadth (in),Length (in),Height (in),Breadth (in),Length (in),Height (in),Breadth (in),Length (in),Height (in),Breadth (in),Length (in),Height (in),Breadth (in),Length (in),Height (in),Breadth (in),Length (in),Height (in),Breadth (in),Length (in),Height (in),Breadth (in),Length (in),Height (in),Breadth (in),Length (in),Height (in),Breadth (in),Length (in),Height (in),Breadth (in),Length (in),Height (in),Breadth (in),Length (in),Height (in),Breadth (in),Length (in),Height (in),Breadth (in),Length (in),Height (in),Breadth (in),Length (in),Height (in),Breadth (in),Length (in),Height (in),Breadth (in),Length (in),Height (in),Breadth (in),Length (in),Height (in),Breadth (in),Length (in),Height (in),Breadth (in),Length (in),Height (in),Breadth (in),Length (in),Height (in),Breadth (in),Length (in),Height (in),Breadth (in),Length (in),Height (in),Breadth (in),Length (in),Height (in),Breadth (in),Length (in),Height (in),Breadth (in),Length (in),Height (in),Breadth (in),Length (in),Height (in),Breadth (in),Length (in),Height (in),Breadth (in),Length (in),Height (in),Breadth (in),Length (in),Height (in),Breadth (in),Length (in),Height (in),Breadth (in),Length (in),Height (in),Breadth (in),Length (in),Height (in),Breadth (in),Length (in),Height (in),Breadth (in),Length (in)
CE01699,El Centro - 1-story Hospital,1,0,960,1296,960,1296,229,780,1,STEEL,CE,D,20,CI,CA,US,32.7806,-115.5684,1_CE01699,359,12,0,204,0,0,204,0,0,204,0,149,204,0,149,1299,204,149,600,720,149,720,600,149,576,1400,149,576,1832,149,3000,2276,149,2760,2516,149,2760,2517,,,,,,,,,,,,,,,,,,,,,,,,,,,,,,,,,,,,,,,,,,,,,,,,,,,,,,,,,,,,,,,,,,,,,
CE03233,La Jolla - 2-story University Hospital,2,2,2868,2940,2460,2496,389,8064,4,STEEL,CE,C,5,CI,CA,US,32.8778,-117.2259,2_CE03233,326,16,0,222,2100,0,222,2100,0,222,2100,204,222,2100,204,1038,0,204,618,2460,429,1038,2460,654,222,350,654,1038,0,654,1038,2460,879,1038,2460,1104,222,350,1104,1038,0,1104,1038,2460,879,1038,2460,879,1038,2460,,,,,,,,,,,,,,,,,,,,,,,,,,,,,,,,,,,,,,,,,,,,,,,,,,,,,,,,,
CE03300,San Diego - 22-story Office Bldg,21,2,1200,2400,2160,840,278,11808,23,STEEL,CE,D,7,CI,,Mexico,32.7193,-117.1632,3_CE03300,360,15,3804,348,1750,3478,348,1750,2153,348,1750,696,348,1750,3804,348,700,3804,348,700,3478,348,700,3478,348,1750,2153,348,1750,2153,348,1750,696,348,700,696,348,700,0,348,1750,0,348,1750,0,348,1750,,,,,,,,,,,,,,,,,,,,,,,,,,,,,,,,,,,,,,,,,,,,,,,,,,,,,,,,,,,,
CE03603,San Diego - 19-story Commercial Bldg,19,4,2292,3420,2304,1032,278,11808,23,STEEL,CE,D,5,CI,CA,US,32.7186,-117.1606,4_CE03603,360,16,30,500,30,30,500,30,30,500,30,564,30,2000,564,500,30,564,500,30,1056,30,2000,1056,500,30,1056,500,30,1896,30,200,1896,500,1144,1896,500,30,1896,500,30,3744,30,2000,3744,500,0,3744,500,30,,,,,,,,,,,,,,,,,,,,,,,,,,,,,,,,,,,,,,,,,,,,,,,,,,,,,,,,,
CE12299,Palm Springs - 4-story Hospital,4,1,1512,924,1512,924,256,10872,5,STEEL,CE,D,15,CI,CA,US,33.8386,-116.5416,5_CE12299,360,13,84,490,1180,786,490,124,786,461,1759,786,490,1635,488,461,1759,488,490,1635,336,461,1759,336,490,1635,84,490,1180,786,461,1759,488,461,1759,336,461,1759,84,490,1180,,,,,,,,,,,,,,,,,,,,,,,,,,,,,,,,,,,,,,,,,,,,,,,,,,,,,,,,,,,,,,,,,,
CE13213,Moreno Valley - 3-story County Hospital,3,1,2352,2352,2064,2064,329,8640,4,STEEL,CE,D,28,CI,CA,US,33.9124,-117.1956,6_CE13213,45,15,0,0,0,0,0,0,0,0,0,24,2000,1176,24,2000,1176,24,2000,1176,360,1950,1776,360,1464,312,360,2000,1032,540,1950,1776,540,1464,312,540,2000,888,720,1950,1776,720,1990,312,720,2000,1166,,,,,,,,,,,,,,,,,,,,,,,,,,,,,,,,,,,,,,,,,,,,,,,,,,,,,,,,,,,,
CE13312,Riverside - 13-story Govt Office Bldg,13,1,2496,1620,2092,1199,418,,15,STEEL,CE,C,15,Cl,CA,US,33.9779,-117.3729,7_CE13312,30,12,,,,,,,,,,,,,,,,,,,,,,,,,,,,,,,,,,,,,,,,,,,,,,,,,,,,,,,,,,,,,,,,,,,,,,,,,,,,,,,,,,,,,,,,,,,,,,,,,,,,,,,,,
CE13329,Irvine - 8-story UCI Engineering Bldg,8,1,1752,1560,1752,1560,319,,8,STEEL,CE,D,9,CI,CA,US,33.6448,-117.8409,8_CE13329,55,12,,,,,,,,,,,,,,,,,,,,,,,,,,,,,,,,,,,,,,,,,,,,,,,,,,,,,,,,,,,,,,,,,,,,,,,,,,,,,,,,,,,,,,,,,,,,,,,,,,,,,,,,,
CE13364,Aliso Viejo - 9-story Office Bldg,9,0,2640,1320,2640,1320,-999,1651,10,STEEL,CE,D,3,CI,CA,US,33.5851,-117.7294,9_CE13364,337,15,0,1392,1116,0,1392,1296,0,888,2616,0,888,0,204,2592,1296,204,648,2616,696,1392,1296,696,648,2616,864,1392,1296,864,648,2616,864,648,0,1344,1392,1296,1512,1392,1296,1512,648,2616,1512,648,0,,,,,,,,,,,,,,,,,,,,,,,,,,,,,,,,,,,,,,,,,,,,,,,,,,,,,,,,,,,,
CE13415,Riverside - 10-story Office Bldg,10,3,4140,1440,2520,1440,418,2868,13,STEEL,CE,C,20,CI,CA,US,33.9796,-117.3742,10_CE13415,30,18,0,0,1476,0,0,3996,0,0,2556,0,0,2796,156,540,1476,156,900,3996,156,0,2796,348,900,3996,348,0,2796,996,900,1476,996,900,3996,996,0,2796,1164,0,2796,1644,900,3996,1644,0,2796,1836,900,1476,1836,900,3996,1836,0,2796,,,,,,,,,,,,,,,,,,,,,,,,,,,,,,,,,,,,,,,,,,,,,,,,,,,
CE13439,Irvine - 6-story Hospital,6,0,4752,3492,4752,3492,256,1104,6,STEEL,CE,D,3,ci,CA,US,33.6586,-117.7745,11_CE13439,41,15,0,1668,3180,0,1704,0,192,0,2352,192,1668,828,192,1668,3864,756,0,2352,756,1668,3864,936,0,2352,936,1668,828,936,1668,3864,936,1860,3864,1116,0,2352,1296,0,2352,1296,1668,828,1296,1668,3864,,,,,,,,,,,,,,,,,,,,,,,,,,,,,,,,,,,,,,,,,,,,,,,,,,,,,,,,,,,,
CE13611,Santa Ana - 1-story Hospital,1,0,1200,1200,1200,1200,229,312,1,STEEL,CE,D,1,ci,CA,US,33.7548,-117.8333,12_CE13611,359,6,0,384,600,0,984,1200,180,384,600,180,984,1200,180,1584,600,312,0,1200,,,,,,,,,,,,,,,,,,,,,,,,,,,,,,,,,,,,,,,,,,,,,,,,,,,,,,,,,,,,,,,,,,,,,,,,,,,,,,,,,,,,,,,
CE13702,Riverside - 7-story County Jail,7,1,2412,3492,1104,2424,418,1932,7,STEEL,CE,C,14,CI,CA,US,33.9788,-117.3745,13_CE13702,0,9,192,0,0,192,0,0,192,,,,,,,,,,,,,,,,,,,,,,,,,,,,,,,,,,,,,,,,,,,,,,,,,,,,,,,,,,,,,,,,,,,,,,,,,,,,,,,,,,,,,,,,,,,,,,,,,,
CE14323,Long Beach - 7-story Office Bldg.,7,0,2640,900,2642,900,230,1248,7,STEEL,CE,D,4,CI,CA,US,33.7543,-118.2013,14_CE14323,360,18,1092,456,660,312,456,660,1092,456,2640,312,456,2640,1092,456,660,312,456,660,1092,456,1320,1092,456,2640,1092,456,1320,312,360,1320,312,456,1320,312,456,2640,0,456,660,0,456,660,0,456,660,0,456,2640,0,456,2640,0,456,2640,,,,,,,,,,,,,,,,,,,,,,,,,,,,,,,,,,,,,,,,,,,,,,,,,,,
CE14529,Torrance - 4-story Hospital,4,2,3156,3144,3156,3144,357,912,5,STEEL,CE,D,1,ci,CA,US,33.8386,-118.3569,15_CE14529,39,21,0,1920,2112,0,1920,2112,0,1920,2112,288,1920,0,288,1920,3060,288,360,1680,288,2904,1680,288,1920,2112,288,1920,2112,576,1920,0,576,1920,3060,576,360,1680,576,2904,1680,576,1800,2112,576,1800,2112,720,1920,0,720,1920,3060,720,360,1680,720,2904,1680,720,1800,2112,720,1800,2112,,,,,,,,,,,,,,,,,,,,,,,,,,,,,,,,,,,,,,,,,,
CE14533,Long Beach - City Hall [demolished],15,1,1272,1272,1272,1272,322,3456,16,STEEL,CE,D,7,CI,CA,US,33.7682,-118.1955,16_CE14533,45,16,708,636,0,708,636,1272,708,0,636,708,1272,636,3180,636,0,3180,636,1272,1716,636,0,1716,636,1272,708,636,0,708,636,1272,3180,636,0,1716,636,0,708,636,0,0,420,0,0,420,0,0,420,0,,,,,,,,,,,,,,,,,,,,,,,,,,,,,,,,,,,,,,,,,,,,,,,,,,,,,,,,,
CE14535,San Pedro - 5-story Hospital,5,1,2016,528,2016,528,340,936,6,STEEL,CE,D,2,ci,CA,US,33.7383,-118.305,17_CE14654,360,12,192,300,1440,192,300,1440,192,300,0,384,300,1440,384,360,1152,384,1152,0,672,300,1440,672,360,1152,672,384,1152,924,420,1728,924,360,1152,924,384,1152,,,,,,,,,,,,,,,,,,,,,,,,,,,,,,,,,,,,,,,,,,,,,,,,,,,,,,,,,,,,,,,,,,,,,
CE14654,El Segundo - 14-story Office Bldg,14,0,2136,2136,1212,3012,338,2436,15,STEEL,CE,D,10,CI,CA,US,33.9206,-118.3914,18_CE14766,315,16,0,1212,720,0,0,720,0,0,0,0,768,1800,0,444,360,516,444,0,516,444,1800,516,444,360,1296,444,0,1296,444,360,2256,444,0,2256,444,1800,2256,444,360,2256,444,720,2256,768,720,2256,600,900,,,,,,,,,,,,,,,,,,,,,,,,,,,,,,,,,,,,,,,,,,,,,,,,,,,,,,,,,
CE14766,Los Angeles - 4-story Govt Office Bldg,4,0,3888,2592,3888,1728,332,720,4,STEEL,CE,D,13,CI,CA,US,33.9612,-118.3793,19_CE23416,360,12,0,1728,3456,0,1728,432,0,1728,3456,180,1728,1728,180,1728,1728,360,1728,1728,360,1728,1728,540,1728,0,540,1728,1728,540,1728,3888,720,1728,1728,720,1728,1728,,,,,,,,,,,,,,,,,,,,,,,,,,,,,,,,,,,,,,,,,,,,,,,,,,,,,,,,,,,,,,,,,,,,,
CE23416,Ontario - 5-story Hospital,5,0,4752,3492,4752,3492,386,924,5,STEEL,CE,D,4,CI,CA,US,34.0322,-117.6082,20_CE23481,360,18,0,2580,2340,0,2580,2340,192,0,2448,192,1656,816,192,1656,3156,576,0,2448,576,1656,816,576,1656,3156,756,0,2448,756,1656,816,756,1656,3156,756,3516,864,1116,0,2448,1116,1656,816,1116,1656,3156,192,0,2448,756,0,2448,1116,0,2448,,,,,,,,,,,,,,,,,,,,,,,,,,,,,,,,,,,,,,,,,,,,,,,,,,,
CE23481,Redlands - 7-story Commercial Bldg,7,0,3000,2739,1680,1116,250,1392,7,STEEL,CE,D,13,CI,CA,US,34.0557,-117.1791,21_CE23515,360,13,0,540,0,420,540,0,420,540,1680,756,540,0,756,540,1680,420,540,1680,420,540,1680,0,540,0,0,540,1680,420,1116,1008,756,1116,1008,420,1116,1008,0,1116,1008,,,,,,,,,,,,,,,,,,,,,,,,,,,,,,,,,,,,,,,,,,,,,,,,,,,,,,,,,,,,,,,,,,
CE23515,San Bernardino - 9-story Comm.[Tmp Aband],9,0,1800,1596,1320,1596,339,1416,9,STEEL,CE,D,5,CI,CA,US,34.104,-117.292,22_CE23516,360,13,0,1308,1464,1416,1308,144,1416,1308,1464,948,1308,144,948,1308,1464,348,1308,144,348,1308,1464,0,1308,408,0,1308,1464,1416,1308,1464,948,1308,1464,348,1308,1464,0,1308,1464,,,,,,,,,,,,,,,,,,,,,,,,,,,,,,,,,,,,,,,,,,,,,,,,,,,,,,,,,,,,,,,,,,
CE23516,San Bernardino - 3-story Office Bldg,3,0,1440,1620,1440,1620,301,504,3,STEEL,CE,D,12,CI,CA,US,34.0653,-117.2903,23_CE23548,360,13,0,792,864,504,960,0,504,960,1728,348,960,0,348,960,864,348,960,1728,192,960,0,192,960,1728,0,792,864,504,960,0,348,960,0,192,960,0,0,792,864,,,,,,,,,,,,,,,,,,,,,,,,,,,,,,,,,,,,,,,,,,,,,,,,,,,,,,,,,,,,,,,,,,
CE23548,Redlands - 2-story Hospital,2,1,1464,1200,1464,1200,-999,468,3,STEEL,CE,D,4,CI,CA,US,34.0363,-117.2049,24_CE23555,360,9,0,0,768,0,0,768,0,732,0,120,0,768,120,732,0,120,1464,768,,,,,,,,,,,,,,,,,,,,,,,,,,,,,,,,,,,,,,,,,,,,,,,,,,,,,,,,,,,,,,,,,,,,,,,,,,,,,,,,,,,,,,,
CE23555,San Bernardino - 12-story Govt Bldg,12,1,4392,2088,3096,984,339,2664,12,STEEL,CE,D,4,CI,CA,US,34.1042,-117.2885,25_CE23634,360,36,,,,,,,,,,,,,,,,,,,,,,,,,,,,,,,,,,,,,,,,,,,,,,,,,,,,,,,,,,,,,,,,,,,,,,,,,,,,,,,,,,,,,,,,,,,,,,,,,,,,,,,,,
CE23634,San Bernardino - 5-story Hospital,5,0,2172,2172,2088,1560,304,828,5,STEEL,CE,D,8,CI,CA,US,34.1318,-117.3219,26_CE24104,2,12,0,960,1728,0,960,1728,0,960,1728,0,960,0,384,1200,1728,384,336,1440,384,1200,1728,384,1200,0,828,1200,1728,828,384,336,828,1200,1728,828,960,0,,,,,,,,,,,,,,,,,,,,,,,,,,,,,,,,,,,,,,,,,,,,,,,,,,,,,,,,,,,,,,,,,,,,,
CE24104,Simi Valley - 2-story Hospital,2,1,2412,1188,2419,1188,365,492,3,STEEL,CE,C/D,11,NC,CA,US,34.2889,-118.7452,27_CE24104,360,12,0,420,168,0,420,168,0,156,1236,156,156,1236,156,156,1236,156,420,2412,324,156,1236,324,420,0,324,420,2412,492,420,780,492,420,0,492,420,2016,,,,,,,,,,,,,,,,,,,,,,,,,,,,,,,,,,,,,,,,,,,,,,,,,,,,,,,,,,,,,,,,,,,,,
CE24198,Chatsworth - 2-story Commercial Bldg,2,0,2496,3540,2496,3540,287,492,2,STEEL,CE,D,11,CI,CA,US,34.2397,-118.5649,28_CE24198,,12,0,600,1728,0,600,1728,0,600,1728,288,864,1248,288,1152,3072,288,2388,1728,288,1152,1728,288,0,1728,420,768,0,420,768,3072,420,288,2388,420,0,1728,,,,,,,,,,,,,,,,,,,,,,,,,,,,,,,,,,,,,,,,,,,,,,,,,,,,,,,,,,,,,,,,,,,,,
CE24231,Los Angeles - 7-story UC Math/Sci[aband],7,0,720,576,720,576,398,1140,7,STEEL,CE,C,3,CI,CA,US,34.0694,-118.4433,29_CE24231,360,12,0,288,72,0,288,72,0,288,72,324,288,0,324,288,288,324,288,720,648,288,0,648,288,288,648,288,720,1140,288,0,1140,288,288,1140,288,720,,,,,,,,,,,,,,,,,,,,,,,,,,,,,,,,,,,,,,,,,,,,,,,,,,,,,,,,,,,,,,,,,,,,,
CE24248,Los Angeles - 9-story County Hospital,9,0,5880,3960,4728,2268,420,1764,9,STEEL,CE,C,21,CI,CA,US,34.0573,-118.2062,30_CE24248,28,12,0,3996,2028,0,3996,2028,0,3996,2028,816,3996,2028,816,3996,3096,816,3996,1200,1524,3996,2028,1524,3996,3096,1524,3996,1200,1764,1524,3996,1764,3996,3096,1764,3996,1200,,,,,,,,,,,,,,,,,,,,,,,,,,,,,,,,,,,,,,,,,,,,,,,,,,,,,,,,,,,,,,,,,,,,,
CE24249,Los Angeles - 8-story County Med Ofc Bld,8,0,3600,1980,3600,1620,420,,8,STEEL,CE,C,17,CI,CA,US,34.0582,-118.2086,31_CE24249,28,12,0,2520,864,0,2520,864,0,2520,864,408,1800,1380,408,3600,1380,408,0,1380,816,1800,1380,816,3600,1380,816,0,1380,1344,1800,1380,1344,3600,1380,1344,0,1380,,,,,,,,,,,,,,,,,,,,,,,,,,,,,,,,,,,,,,,,,,,,,,,,,,,,,,,,,,,,,,,,,,,,,
CE24260,Los Angeles - 9-story Univ Hospital Bldg,9,1,1500,2160,1500,2160,423,1608,10,STEEL,CE,C,9,CI,CA,US,34.0615,-118.2011,32_CE24260,3,12,36,324,876,36,324,876,36,324,876,720,852,144,720,1500,876,720,1152,2040,1428,1500,1092,1428,1152,144,1428,1152,2040,1608,1428,1500,1608,1152,144,1608,1152,2040,,,,,,,,,,,,,,,,,,,,,,,,,,,,,,,,,,,,,,,,,,,,,,,,,,,,,,,,,,,,,,,,,,,,,
CE24288,Los Angeles - 32-story Residential Bldg,32,0,1500,1080,1500,1080,-999,4212,32,STEEL,CE,C/D,15,CI,CA,US,34.056,-118.2517,33_CE24288,38,16,0,0,1440,0,384,0,0,384,2508,180,0,1440,180,384,0,180,384,2508,360,0,1308,360,756,0,360,384,2508,504,0,1440,504,384,0,504,384,2508,648,0,1440,648,384,0,648,384,2508,,,,,,,,,,,,,,,,,,,,,,,,,,,,,,,,,,,,,,,,,,,,,,,,,,,,,,,,,,,,
CE24332,Los Angeles - 3-story Commercial Bldg.,3,2,2724,6240,2892,2628,258,876,5,STEEL,CE,D,5,CI,CA,US,34.0578,-118.418,34_CE24332,321,15,864,1440,2628,864,1440,2628,864,1440,0,456,1440,2628,456,1440,2628,456,1440,0,264,1440,2628,264,1440,2628,264,1440,0,264,1440,0,264,1080,0,0,1440,0,0,1440,2628,0,1440,2628,0,1440,2628,,,,,,,,,,,,,,,,,,,,,,,,,,,,,,,,,,,,,,,,,,,,,,,,,,,,,,,,,,,,
CE24344,Valencia - 2-story Hospital,2,1,2880,2664,2880,2664,307,552,3,STEEL,CE,D,3,CI,CA,US,34.3978,-118.5537,35_CE24344,35,12,0,768,1596,0,768,1596,564,0,2520,564,2748,2520,564,384,2592,732,0,2520,732,2748,2520,732,384,2592,900,0,2520,900,1152,2520,900,2748,2520,900,384,2592,,,,,,,,,,,,,,,,,,,,,,,,,,,,,,,,,,,,,,,,,,,,,,,,,,,,,,,,,,,,,,,,,,,,,
CE24370,Burbank - 6-story Commercial Bldg,6,0,1440,1440,1440,1440,431,996,6,STEEL,CE,D,10,CI,CA,US,34.1849,-118.3092,36_CE24370,315,13,0,0,1440,996,0,1440,996,0,0,372,0,1440,372,0,0,216,0,1440,216,0,0,0,0,1440,0,0,1440,996,0,1440,372,0,1440,216,0,1440,0,,,,,,,,,,,,,,,,,,,,,,,,,,,,,,,,,,,,,,,,,,,,,,,,,,,,,,,,,,,,,,,,,,,,
CE24397,Los Angeles - 7-story Hospital,7,1,3240,2676,3240,2676,396,1800,8,STEEL,CE,C,3,ci,CA,US,34.0971,-118.289,37_CE24397,360,12,0,1464,1404,0,1464,1404,0,1464,1404,192,,,192,,,192,,,,,,,,,,,,,,,,,,,,,,,,,,,,,,,,,,,,,,,,,,,,,,,,,,,,,,,,,,,,,,,,,,,,,,,,,,,,,,,,,,,,,,,,,
CE24454,Pasadena - 3-story University Bldg,3,1,2772,1524,2724,1260,390,648,4,STEEL,CE,D,3,CI,CA,US,34.1355,-118.1262,38_CE24454,360,15,0,0,1440,0,384,0,0,384,2508,180,0,1440,180,756,0,180,384,2508,360,0,1440,360,756,0,360,384,2508,504,0,1440,504,384,0,504,384,2508,648,0,1440,648,384,0,648,384,2508,,,,,,,,,,,,,,,,,,,,,,,,,,,,,,,,,,,,,,,,,,,,,,,,,,,,,,,,,,,,
CE24457,Palmdale - 5-story Hospital,5,0,3348,1272,3348,1272,414,840,5,STEEL,CE,D,3,ci,CA,US,34.5835,-118.1446,39_CE24457,20,16,0,192,0,0,936,0,0,192,0,0,504,3156,0,504,3156,180,192,0,180,0,3336,180,504,3336,492,192,0,492,0,3336,492,504,3336,648,192,0,648,504,3336,828,192,0,828,0,3336,828,504,3336,,,,,,,,,,,,,,,,,,,,,,,,,,,,,,,,,,,,,,,,,,,,,,,,,,,,,,,,,
CE24460,Pasadena - 3-story Computer Bldg,3,0,2088,1056,2088,1056,389,516,3,STEEL,CE,D,2,ci,CA,US,34.1398,-118.1238,40_CE24460,,15,0,264,2088,0,792,2088,0,792,2088,0,792,0,0,528,696,180,792,0,180,528,696,180,792,2088,348,528,1044,348,792,0,348,528,696,348,792,2088,516,792,0,516,528,696,516,792,2088,,,,,,,,,,,,,,,,,,,,,,,,,,,,,,,,,,,,,,,,,,,,,,,,,,,,,,,,,,,,
CE24514,Sylmar - 6-story County Hospital,6,0,5424,3624,3624,3624,430,1152,6,STEEL,CE,C,13,CI,CA,US,34.3259,-118.4459,41_CE24514,356,13,0,1812,3600,1152,1812,600,1152,1812,4200,588,1812,600,588,1812,4200,408,1812,600,408,1812,4200,0,1812,600,0,1812,4200,1152,3624,2712,588,3624,2712,408,3624,2712,0,3624,2712,,,,,,,,,,,,,,,,,,,,,,,,,,,,,,,,,,,,,,,,,,,,,,,,,,,,,,,,,,,,,,,,,,
CE24541,Pasadena - 6-story Office Bldg,5,1,1512,1716,1404,1500,-999,1116,6,STEEL,CE,C,7,CI,CA,US,34.1462,-118.148,42_CE24541,360,15,348,1008,0,348,1008,1404,1104,852,0,1104,1008,1404,1104,156,0,1104,156,1404,1104,1008,540,1104,1656,540,1104,1008,1404,900,1008,1404,348,156,720,348,1656,720,0,0,720,0,1800,720,0,1800,720,0,1800,720,0,,,,,,,,,,,,,,,,,,,,,,,,,,,,,,,,,,,,,,,,,,,,,,,,,,,,,,,,
CE24546,Pasadena - 12-story Commerce/Office Bldg,12,1,3324,1728,2580,1332,433,2316,13,STEEL,CE,C,8,CI,CA,US,34.1461,-118.1467,43_CE24546,360,15,0,120,2580,0,1452,2580,0,660,2820,0,660,240,0,660,2820,456,660,2820,456,660,240,456,660,2820,1236,660,2820,1236,660,240,1236,660,2820,2016,660,2160,2304,660,2820,2304,660,240,2304,660,2820,,,,,,,,,,,,,,,,,,,,,,,,,,,,,,,,,,,,,,,,,,,,,,,,,,,,,,,,,,,,
CE24566,Pasadena - 12-story Office Bldg,12,0,2856,2016,1416,1416,431,2016,12,STEEL,CE,C,11,CI,CA,US,34.1484,-118.1525,44_CE24566,360,15,0,1116,2844,0,1116,2844,0,1116,2844,0,1116,0,672,1116,2844,672,1116,2844,672,1116,1464,672,1116,0,840,1116,2844,840,1116,1464,2016,1116,2844,2016,1116,2844,2016,1116,1464,,,,,,,,,,,,,,,,,,,,,,,,,,,,,,,,,,,,,,,,,,,,,,,,,,,,,,,,,,,,,,,,,,
CE24567,Los Angeles - 13-story Office Bldg,13,1,1632,1152,1549,1024,317,2148,13,STEEL,CE,D,7,CI,CA,US,34.0502,-118.2473,45_CE24567,43,15,0,576,1632,0,576,1632,0,576,1632,0,696,0,396,0,660,396,1020,660,396,576,1548,396,288,0,1176,1020,660,1176,576,1548,1176,420,0,1968,0,1260,1968,1020,660,1968,576,1548,1968,420,0,,,,,,,,,,,,,,,,,,,,,,,,,,,,,,,,,,,,,,,,,,,,,,,,,,,,,,,,,,,,
CE24569,Los Angeles - 15-story Govt Office Bldg,15,2,4584,3156,4128,1908,392,3288,15,STEEL,CE,C,4,CI,CA,US,34.058,-118.2495,46_CE24569,43,13,0,1932,1152,0,1932,1152,0,1932,1152,0,1932,3384,792,1932,1152,408,1932,1152,792,1932,3384,1884,1932,1152,1884,1932,1152,1884,1932,3384,2976,1932,1152,2976,1932,1152,2976,1932,3384,,,,,,,,,,,,,,,,,,,,,,,,,,,,,,,,,,,,,,,,,,,,,,,,,,,,,,,,,,,,,,,,,,
CE24588,Burbank - 3-story Parking Structure,3,0,5244,8196,5244,6900,328,792,3,STEEL,CE,D,3,ci,CA,US,34.1931,-118.3503,47_CE24588,360,18,0,2340,1716,0,2340,1716,0,2340,1716,0,2340,7788,0,2340,7788,228,2340,1716,228,2340,1716,228,2340,1716,228,2340,7788,456,2340,1716,456,2340,1716,456,2340,7788,780,2340,1716,780,2340,1716,780,2340,7788,228,2340,1452,228,2340,1452,228,2340,828,,,,,,,,,,,,,,,,,,,,,,,,,,,,,,,,,,,,,,,,,,,,,,,,,,,
CE24602,Los Angeles - 52-story Office Bldg.,52,5,3288,3156,1872,1872,500,9276,54,STEEL,CE,C,11,CI,CA,US,34.0507,-118.2595,48_CE24602,355,20,0,936,936,0,936,936,0,936,936,0,624,1872,504,936,936,504,936,936,504,936,1872,2856,936,936,2856,936,936,4104,936,936,4104,936,936,4104,936,1872,6132,936,936,6132,936,936,6132,936,1872,8316,936,936,8316,936,936,8316,936,1872,9432,936,936,9432,936,936,,,,,,,,,,,,,,,,,,,,,,,,,,,,,,,,,,,,,,,,,,,,,
CE24609,Lancaster - 5-story Hospital,5,0,3060,1968,2904,1296,339,948,5,STEEL,CE,D,9,CI,CA,US,34.6883,-118.1588,49_CE24609,25,12,0,804,0,0,804,0,0,804,0,0,984,3060,504,144,2028,504,144,2028,504,564,2028,504,288,3060,816,144,3060,816,1968,3060,816,144,156,816,1716,,,,,,,,,,,,,,,,,,,,,,,,,,,,,,,,,,,,,,,,,,,,,,,,,,,,,,,,,,,,,,,,,,,,,,
CE24629,Los Angeles - 54-story Office Bldg,54,4,2544,1632,2352,1452,314,9144,54,STEEL,CE,D,12,CI,CA,US,34.0483,-118.2617,50_CE24629,40,20,0,1632,1272,0,0,1272,0,0,1272,0,816,0,0,816,2544,552,0,1272,552,816,0,3660,0,1272,3660,816,0,3660,816,2544,6156,0,1272,6156,816,0,6156,816,2544,7248,0,1272,7248,816,0,7248,816,2544,,,,,,,,,,,,,,,,,,,,,,,,,,,,,,,,,,,,,,,,,,,,,,,,,,,,,,,,,
CE24643,Los Angeles - 19-story Office Bldg,19,4,3636,3816,2880,1320,258,3936,21,STEEL,CE,D,2,CI,CA,US,34.0595,-118.4177,51_CE24643,314,15,0,1200,360,0,1200,360,0,1200,3240,0,1200,360,516,1200,360,516,1200,3240,516,1320,1080,876,1200,1800,876,1200,1800,1980,1200,360,1980,1200,3240,1980,1320,1800,3756,1200,360,3756,1200,3240,3756,1320,1800,,,,,,,,,,,,,,,,,,,,,,,,,,,,,,,,,,,,,,,,,,,,,,,,,,,,,,,,,,,,
CE24648,Encino - 4-story Hospital,4,1,2028,1068,1548,984,300,756,4,STEEL,CE,D,2,ci,CA,US,34.1571,-118.4866,52_CE24648,10,12,0,108,0,0,108,0,0,108,0,168,408,420,168,408,420,168,0,1536,468,408,420,468,408,420,468,0,1968,612,420,420,612,420,420,612,420,1968,,,,,,,,,,,,,,,,,,,,,,,,,,,,,,,,,,,,,,,,,,,,,,,,,,,,,,,,,,,,,,,,,,,,,
CE24652,Los Angeles - 6-story Univ. Office Bldg,5,1,1116,1123,1123,1123,268,1032,6,STEEL,CE,D,6,CI,CA,US,34.0207,-118.2877,53_CE24652,345,15,0,996,204,0,996,0,0,996,0,0,996,204,0,756,1548,168,996,204,168,996,204,168,756,1548,636,996,204,636,996,204,636,756,1548,1020,996,204,1020,996,204,1020,756,1548,,,,,,,,,,,,,,,,,,,,,,,,,,,,,,,,,,,,,,,,,,,,,,,,,,,,,,,,,,,,,,,
CE24713,Los Angeles - 8-story Hospital,7,1,2532,3984,2532,3984,393,1560,8,STEEL,CE,C,6,CI,CA,US,34.0547,-118.2651,54_CE24713,344,15,0,1200,0,0,1200,0,0,1200,0,192,1200,0,192,0,3720,768,960,0,768,960,3720,768,960,0,1560,960,0,1560,960,1404,1560,960,3720,1560,960,0,1560,0,828,1752,960,1860,1752,960,1860,,,,,,,,,,,,,,,,,,,,,,,,,,,,,,,,,,,,,,,,,,,,,,,,,,,,,,,,,,,,
CE24M01,Pasadena - 7-story Hospital,,,,,,,417,,,STEEL,CE,C,1,CI,CA,US,34.1343,-118.1535,55_CE24M01,,,,,,,,,,,,,,,,,,,,,,,,,,,,,,,,,,,,,,,,,,,,,,,,,,,,,,,,,,,,,,,,,,,,,,,,,,,,,,,,,,,,,,,,,,,,,,,,,,,,,,,,,,,
CE25245,Oxnard - 21 Story Office Building,19,2,1248,768,1248,768,,3444,21,STEEL,CE,D,,ci,,,,,56_CE25245,360,12,,,,,,,,,,,,,,,,,,,,,,,,,,,,,,,,,,,,,,,,,,,,,,,,,,,,,,,,,,,,,,,,,,,,,,,,,,,,,,,,,,,,,,,,,,,,,,,,,,,,,,,,,
CE25353,Ventura - 4-story Govt Office Bldg,4,1,4596,1440,4596,1440,267,0,5,STEEL,CE,D,2,ci,CA,US,34.2683,-119.2101,57_CE25353,,,,,,,,,,,,,,,,,,,,,,,,,,,,,,,,,,,,,,,,,,,,,,,,,,,,,,,,,,,,,,,,,,,,,,,,,,,,,,,,,,,,,,,,,,,,,,,,,,,,,,,,,,,
CE25594,Ventura - 6-story Hospital,6,1,2496,1464,2496,1464,245,1200,7,STEEL,CE,D,2,ci,CA,US,34.2739,-119.2581,58_CE25594,350,24,0,1068,0,0,144,0,0,144,2484,0,1068,0,0,144,2484,0,144,2484,180,1068,0,180,144,2484,180,144,2484,696,1068,0,696,144,2484,696,144,2484,1152,1068,0,1152,144,2484,1152,144,2484,#VALUE!,,,,,,,,,,,,,,,,,,,,,,,,,,,,,,,,,,,,,,,,,,,,,,,,,,,,,,,,,,,
CE25949,Oxnard - 4-story Hospital,4,0,3360,2400,3360,2400,297,696,4,STEEL,CE,D,8,NC,CA,US,34.2164,-119.1551,59_CE25949,360,15,,,,,,,,,,,,,,,,,,,,,,,,,,,,,,,,,,,,,,,,,,,,,,,,,,,,,,,,,,,,,,,,,,,,,,,,,,,,,,,,,,,,,,,,,,,,,,,,,,,,,,,,,
CE33372,Ridgecrest - 3-story College Bldg,3,0,3024,1368,3024,1368,367,492,3,STEEL,CE,C/D,2,CI,CA,US,35.5673,-117.668,60_CE33372,360,16,0,684,3000,0,0,3000,492,1200,0,492,120,3000,312,1200,0,312,120,3000,156,1200,0,156,0,3000,0,1200,0,0,360,3000,492,1200,1800,312,1200,1800,156,1200,1800,0,1200,0,0,1200,0,0,1200,0,,,,,,,,,,,,,,,,,,,,,,,,,,,,,,,,,,,,,,,,,,,,,,,,,,,,,,,,,
CE47231,King City - 2-story Hospital,2,0,3072,1500,2820,1260,351,480,2,STEEL,CE,D,5,NC,CA,US,36.2055,-121.133,61_CE47231,327,10,168,744,252,168,744,2808,168,984,756,168,984,756,336,744,252,336,1236,2808,336,984,1536,480,744,252,480,1236,2808,480,984,1536,,,,,,,,,,,,,,,,,,,,,,,,,,,,,,,,,,,,,,,,,,,,,,,,,,,,,,,,,,,,,,,,,,,,,,,,,,,
CE47796,Salinas - 3-story County Hospital,3,0,3300,1200,3300,1200,-999,780,3,STEEL,CE,D,19,NC,CA,US,36.6967,-121.6331,62_CE47796,26,15,0,1200,1200,0,1200,1200,0,564,1200,180,1200,1200,180,564,1200,360,1200,1200,360,1464,3300,360,564,600,540,864,1200,540,1464,3300,540,1764,1200,540,564,1200,540,0,900,780,1164,1200,780,864,900,,,,,,,,,,,,,,,,,,,,,,,,,,,,,,,,,,,,,,,,,,,,,,,,,,,,,,,,,,,,
CE54331,Mammoth Lakes - 1-story Hospital,1,0,2556,2592,2556,2592,347,384,1,STEEL,CE,C,27,NC,CA,US,37.644,-118.9627,63_CE54331,360,10,0,2016,1260,0,2016,1260,0,0,1260,0,1728,2196,192,2016,1260,192,0,2016,192,2016,600,192,1728,2196,384,2592,324,384,2592,600,,,,,,,,,,,,,,,,,,,,,,,,,,,,,,,,,,,,,,,,,,,,,,,,,,,,,,,,,,,,,,,,,,,,,,,,,,,
CE54388,Bishop - 2-story Office Bldg,2,0,1200,1920,1200,1920,522,312,2,STEEL,CE,C,16,nc,CA,US,37.3701,-118.3967,64_CE54388,360,13,0,600,960,312,600,240,312,600,960,312,600,1680,156,600,240,156,600,960,156,600,1680,0,600,960,312,0,480,312,1200,480,156,0,480,156,1200,480,600,960,,,,,,,,,,,,,,,,,,,,,,,,,,,,,,,,,,,,,,,,,,,,,,,,,,,,,,,,,,,,,,,,,,,
CE57200,Gilroy - 2-story Hospital,2,0,3360,2028,3048,1020,324,372,2,STEEL,CE,D,8,NC,CA,US,37.0365,-121.571,65_CE57200,338,10,0,1008,672,0,1008,672,0,1008,672,180,0,336,180,1128,672,180,2028,1008,180,1128,336,180,1800,2688,372,2028,1008,372,2028,1008,,,,,,,,,,,,,,,,,,,,,,,,,,,,,,,,,,,,,,,,,,,,,,,,,,,,,,,,,,,,,,,,,,,,,,,,,,,
CE57251,Santa Clara - 3-story Hospital,3,1,3396,2748,3396,2748,360,720,4,STEEL,CE,C/D,9,NC,CA,US,37.3352,-121.9991,66_CE57251,360,18,0,1512,1908,0,1512,1908,0,2016,0,180,1512,1908,180,2016,0,180,2016,3816,360,1512,1908,360,2016,0,360,2016,3816,540,1512,1908,540,2016,0,540,2016,3816,720,1512,1908,720,2016,0,720,2016,3816,540,1512,1908,540,2016,0,540,2016,3816,,,,,,,,,,,,,,,,,,,,,,,,,,,,,,,,,,,,,,,,,,,,,,,,,,,
CE57301,Fremont - 2-story Hospital,2,0,3864,3516,3864,2316,377,600,2,STEEL,CE,C/D,12,NC,CA,US,37.5528,-121.975,67_CE57301,302,15,0,2712,3480,0,2712,0,0,2712,3480,0,2712,1008,192,2712,0,192,2712,3480,192,2712,1008,384,2712,0,384,2712,3480,384,2712,1008,600,2712,1344,600,3048,1344,384,0,336,384,1008,1344,384,1008,672,,,,,,,,,,,,,,,,,,,,,,,,,,,,,,,,,,,,,,,,,,,,,,,,,,,,,,,,,,,,
CE57318,San Jose - 18-story City Hall,18,0,3240,2052,3240,996,-999,3576,18,STEEL,CE,D,6,NC,CA,US,37.3377,-121.885,68_CE57318,329,20,120,1260,3264,120,540,3264,120,1260,3264,120,1260,252,120,1260,1632,492,1260,2880,804,1260,3264,804,1260,252,804,1260,1632,804,1260,1632,1584,1260,3264,1584,1260,252,1584,1260,1632,2364,1260,3264,2364,1260,252,2364,1260,1632,2364,1260,1632,3252,360,3264,3252,1260,252,3252,1260,1632,3252,0,3012,,,,,,,,,,,,,,,,,,,,,,,,,,,,,,,,,,,,,,,,,,
CE57357,San Jose - 13-story Govt Office Bldg,13,0,2076,2136,2076,2136,269,2532,13,STEEL,CE,D,8,NC,CA,US,37.3522,-121.9034,69_CE57357,337,22,0,228,204,0,1632,204,0,1788,1764,2232,228,204,2232,1788,516,2232,1788,204,2232,1788,1764,1944,228,204,1944,1788,204,1944,1788,1764,1944,1788,1764,1092,228,204,1092,1788,204,1092,1764,204,1092,1788,1764,312,228,204,312,1788,204,312,1632,204,312,1788,1764,0,228,204,0,1632,204,0,1632,204,,,,,,,,,,,,,,,,,,,,,,,,,,,,,,,,,,,,,,,
CE57448,Pleasanton - 5-Story Office Building 1,5,0,2496,3168,2496,3168,257,984,5,STEEL,CE,D,3,nc,CA,US,37.6996,-121.8912,70_CE57448,33,18,0,1344,2808,0,2376,0,0,1536,2016,0,1344,2808,192,1344,2808,348,1344,2808,504,2376,0,504,2016,2016,504,1344,2808,504,0,2808,660,2376,0,660,2016,2808,816,2376,0,816,2016,2016,816,2016,3156,816,2016,2808,816,0,3156,,,,,,,,,,,,,,,,,,,,,,,,,,,,,,,,,,,,,,,,,,,,,,,,,,,,,,
CE57474,San Ramon - 3-story Office Bldg,3,1,2604,2844,2604,2844,370,816,4,STEEL,CE,C/D,5,NC,CA,US,37.7577,-121.9585,71_CE57474,333,15,0,480,288,0,480,288,0,480,288,228,480,288,228,1200,2328,228,288,2112,420,480,288,420,1200,2328,420,288,2112,612,480,288,612,1200,2328,612,288,2112,804,480,288,804,1200,2328,804,288,2112,,,,,,,,,,,,,,,,,,,,,,,,,,,,,,,,,,,,,,,,,,,,,,,,,,,,,,,,,,,,
CE57495,San Jose - 4-story Hospital,4,1,1896,2064,1896,2064,-999,1008,5,STEEL,CE,D,3,nc,CA,US,37.3133,-121.9342,72_CE57495,360,15,0,1368,108,0,888,2172,0,888,1224,324,888,0,324,1056,2088,324,888,1224,480,1056,2088,624,1056,0,624,1056,2088,624,888,1224,780,888,0,780,1056,2088,780,888,1224,1176,1644,1656,1176,1644,1656,,,,,,,,,,,,,,,,,,,,,,,,,,,,,,,,,,,,,,,,,,,,,,,,,,,,,,,,,,,,
CE57553,San Jose - 7-story Office Bldg,7,0,3060,1452,3060,1452,-999,1344,7,STEEL,CE,D,1,NC,CA,US,37.4186,-121.9522,73_CE57553,343,15,0,600,720,0,936,720,0,936,2160,0,600,720,0,600,2400,180,600,720,504,936,2400,504,600,684,504,600,2400,828,936,2400,828,720,684,996,720,684,1152,936,2400,1152,600,684,1152,600,2400,,,,,,,,,,,,,,,,,,,,,,,,,,,,,,,,,,,,,,,,,,,,,,,,,,,,,,,,,,,,
CE57562,San Jose - 3-story Office Bldg,3,0,3000,1114,3000,1114,648,600,3,STEEL,CE,D,3,NC,CA,US,37.2115,-121.8076,74_CE57562,45,10,0,552,3000,0,552,3000,0,552,3000,0,552,360,408,552,3000,408,552,3000,408,552,360,600,552,3000,600,552,3000,600,552,360,,,,,,,,,,,,,,,,,,,,,,,,,,,,,,,,,,,,,,,,,,,,,,,,,,,,,,,,,,,,,,,,,,,,,,,,,,,
CE57594,San Jose - 5-story Hospital,5,0,3444,3672,3444,864,287,1068,5,STEEL,CE,D,6,NC,CA,US,37.328,-121.9378,75_CE57594,340,16,0,2808,1920,0,2808,1920,0,2808,1920,204,2808,0,204,2808,1920,204,2808,3444,204,2808,1920,204,3672,1920,792,3672,1920,792,2808,1920,792,3672,1920,984,2808,0,2808,1920,984,2808,3444,984,2808,1920,984,3672,1920,,,,,,,,,,,,,,,,,,,,,,,,,,,,,,,,,,,,,,,,,,,,,,,,,,,,,,,,,,
CE57614,Morgan Hill - 2-story Former Hosp Bldg,2,0,2688,2472,2688,2472,-999,4320,2,STEEL,CE,C,4,NC,CA,US,37.1538,-121.646,76_CE57614,320,11,0,1200,1536,0,1200,1536,0,0,384,0,1500,384,180,384,2472,180,1200,360,180,0,384,180,1200,1536,360,384,2472,360,1200,1536,360,0,384,,,,,,,,,,,,,,,,,,,,,,,,,,,,,,,,,,,,,,,,,,,,,,,,,,,,,,,,,,,,,,,,,,,,,,,,
CE57783,Fremont - 3-story Police Dept Bldg,3,0,1704,2940,1704,1764,377,768,3,STEEL,CE,C/D,16,NC,CA,US,37.5529,-121.9689,77_CE57783,332,15,0,336,2352,0,336,2352,0,336,2352,180,0,2352,180,0,2352,180,0,588,360,0,2640,360,0,2640,360,0,588,540,0,2640,540,0,2940,540,0,588,0,2040,1464,0,2040,1464,0,2040,1464,,,,,,,,,,,,,,,,,,,,,,,,,,,,,,,,,,,,,,,,,,,,,,,,,,,,,,,,,,,,
CE57784,Fremont - 2-story City Library Bldg,2,0,2196,5016,1212,5016,-999,504,2,STEEL,CE,C/D,11,NC,CA,US,37.5504,-121.9713,78_CE57784,326,12,0,2076,5016,0,2076,5016,0,2076,5016,0,2076,0,192,2196,4752,192,2076,4752,192,2076,0,192,1956,2112,408,2196,4752,408,2076,4752,408,2076,0,408,1956,2112,,,,,,,,,,,,,,,,,,,,,,,,,,,,,,,,,,,,,,,,,,,,,,,,,,,,,,,,,,,,,,,,,,,,,
CE57948,Fremont - 2-story Industrial Bldg,2,0,4542,3120,4542,2400,379,396,2,STEEL,CE,C,4,NC,CA,US,37.4691,-121.9279,79_CE57948,337,12,0,1740,0,0,1740,0,0,1740,3852,0,2700,1728,204,2016,0,204,2304,3480,204,2700,1728,384,2016,0,384,2304,3480,384,1740,0,384,1740,0,384,2304,1284,,,,,,,,,,,,,,,,,,,,,,,,,,,,,,,,,,,,,,,,,,,,,,,,,,,,,,,,,,,,,,,,,,,,,
CE58055,Stanford - 3-story Hospital,3,0,3564,2244,3564,2244,380,936,3,STEEL,CE,C/D,4,NC,CA,US,37.435,-122.1747,80_CE58055,15,12,0,1140,3264,0,1140,3264,0,1140,3264,264,1140,3264,264,1140,3264,264,1140,636,456,1140,3264,456,1140,3264,456,1140,636,840,1140,3264,840,1140,3264,840,1140,636,,,,,,,,,,,,,,,,,,,,,,,,,,,,,,,,,,,,,,,,,,,,,,,,,,,,,,,,,,,,,,,,,,,,,
CE58199,Walnut Creek - 3-story Hospital,3,0,3480,1152,3480,1392,-999,864,3,STEEL,CE,C/D,19,nc,CA,US,37.8916,-122.0587,81_CE58199,352,16,0,384,3444,0,384,3444,0,384,3444,180,0,0,180,384,3240,360,0,2304,360,384,0,360,768,1536,360,0,3444,540,0,1920,540,384,3444,720,0,1920,720,384,0,720,384,3444,864,0,384,864,384,0,,,,,,,,,,,,,,,,,,,,,,,,,,,,,,,,,,,,,,,,,,,,,,,,,,,,,,,,,
CE58224,Oakland - 2-story Office Bldg [demolish],2,0,1956,1836,1956,1836,306,336,2,STEEL,CE,D,15,NC,CA,US,37.8054,-122.2667,82_CE58224,20,10,0,0,0,336,0,0,336,0,1956,168,0,0,168,0,1956,0,0,0,0,0,1956,336,0,0,168,0,0,0,0,0,,,,,,,,,,,,,,,,,,,,,,,,,,,,,,,,,,,,,,,,,,,,,,,,,,,,,,,,,,,,,,,,,,,,,,,,,,,
CE58257,San Francisco - 15-story Univ. Hospital,15,0,2568,2172,2868,924,678,2904,15,STEEL,CE,C,4,NC,CA,US,37.7627,-122.4572,83_CE58257,345,16,0,660,2028,0,1620,2028,0,660,2028,0,660,516,0,900,1356,1164,900,2028,1164,900,0,1164,900,1356,1164,2160,1620,1944,900,2028,1944,900,0,1944,900,1356,2544,900,2028,2544,900,0,2544,900,1356,2544,900,2028,,,,,,,,,,,,,,,,,,,,,,,,,,,,,,,,,,,,,,,,,,,,,,,,,,,,,,,,,
CE58261,South San Francisco - 4-story Office Bld,4,0,1728,2364,1728,2364,-999,636,4,STEEL,CE,D,6,NC,CA,US,37.6591,-122.4388,84_CE58261,41,11,0,720,936,0,720,936,0,720,936,0,720,108,0,720,2520,168,720,1164,168,720,1164,168,720,2520,636,720,1164,636,720,1164,636,720,2520,,,,,,,,,,,,,,,,,,,,,,,,,,,,,,,,,,,,,,,,,,,,,,,,,,,,,,,,,,,,,,,,,,,,,,,,
CE58312,Oakland - Harris State Building (Code),,,,,,,295,,,STEEL,CE,D,8,NC,CA,US,37.8063,-122.2733,85_CE58312,,,,,,,,,,,,,,,,,,,,,,,,,,,,,,,,,,,,,,,,,,,,,,,,,,,,,,,,,,,,,,,,,,,,,,,,,,,,,,,,,,,,,,,,,,,,,,,,,,,,,,,,,,,
CE58354,Hayward - 13-story CSUH Admin Bl[demol],13,0,1464,1500,1320,1356,-999,2412,13,STEEL,CE,B,3,NC,CA,US,37.6554,-122.0572,86_CE58354,320,16,0,672,672,2412,672,0,2412,672,672,2412,672,672,1380,672,672,1380,672,672,912,672,0,912,672,672,912,672,672,600,672,0,600,672,672,600,672,672,0,672,0,0,672,672,0,672,672,0,672,672,,,,,,,,,,,,,,,,,,,,,,,,,,,,,,,,,,,,,,,,,,,,,,,,,,,,,,,,,
CE58396,Alameda - 3-story Hospital,3,0,1500,1800,1500,1800,-999,720,3,STEEL,CE,E,11,NC,CA,US,37.7627,-122.2541,87_CE58396,30,12,0,720,600,0,720,600,0,720,600,156,720,900,156,420,600,324,720,900,324,420,600,324,1920,600,492,720,900,492,420,600,492,1920,600,720,420,600,,,,,,,,,,,,,,,,,,,,,,,,,,,,,,,,,,,,,,,,,,,,,,,,,,,,,,,,,,,,,,,,,,,,,
CE58466,Concord - 4-story Office Bldg,4,0,6960,2700,6960,2700,258,876,4,STEEL,CE,D,2,NC,CA,US,37.9727,-122.0591,88_CE58466,327,16,0,840,480,0,840,6000,0,840,6000,180,840,480,180,840,6000,180,840,6000,360,840,480,360,840,6000,360,840,6000,516,840,480,516,840,3360,516,840,6000,516,840,6000,684,840,480,684,840,6000,684,840,6000,,,,,,,,,,,,,,,,,,,,,,,,,,,,,,,,,,,,,,,,,,,,,,,,,,,,,,,,,
CE58480,San Francisco - 18-story Commercial Bldg,18,1,1320,1296,840,1176,-999,2904,19,STEEL,CE,D,3,NC,CA,US,37.792,-122.4006,89_CE58480,350,13,0,360,1152,2892,420,144,2892,420,864,1896,420,0,1896,420,864,1176,420,0,1176,420,864,0,420,0,0,360,1152,2892,420,864,1896,420,864,1176,420,864,0,360,1152,,,,,,,,,,,,,,,,,,,,,,,,,,,,,,,,,,,,,,,,,,,,,,,,,,,,,,,,,,,,,,,,,,
CE58494,Castro Valley - 6-story Hospital,6,1,4500,2640,3240,2640,457,1416,7,STEEL,CE,C,3,nc,CA,US,37.6981,-122.0903,90_CE58494,,19,0,2328,2160,0,2328,2160,0,2328,2160,0,1968,1080,0,684,0,204,684,3960,636,2328,2160,636,684,3960,636,2328,2160,636,1968,1080,636,684,0,996,2328,2160,996,684,3960,996,2328,2160,996,1968,1080,1404,2328,2160,1404,684,3960,1404,2328,2160,1404,2208,1080,,,,,,,,,,,,,,,,,,,,,,,,,,,,,,,,,,,,,,,,,,,,,,,,
CE58496,Berkeley - 2-story Hospital,2,1,1380,1620,1260,1620,342,492,3,STEEL,CE,D,10,NC,CA,US,37.8548,-122.2571,91_CE58496,,,,,,,,,,,,,,,,,,,,,,,,,,,,,,,,,,,,,,,,,,,,,,,,,,,,,,,,,,,,,,,,,,,,,,,,,,,,,,,,,,,,,,,,,,,,,,,,,,,,,,,,,,,
CE58506,Richmond - 3-story Office Bldg,3,0,960,1980,960,1980,415,552,3,STEEL,CE,C,8,NC,CA,US,37.9776,-122.3293,92_CE58506,360,12,552,480,0,552,480,0,552,480,1980,372,480,0,372,480,1980,372,480,0,192,480,0,192,480,1980,192,480,0,0,480,1356,0,480,1356,0,480,1356,,,,,,,,,,,,,,,,,,,,,,,,,,,,,,,,,,,,,,,,,,,,,,,,,,,,,,,,,,,,,,,,,,,,,
CE58509,San Francisco - 13-story Gov Office Bldg,13,1,2160,1392,2100,1260,286,2424,14,STEEL,CE,D,2,NC,CA,US,37.7808,-122.4192,93_CE58509,351,23,0,456,0,0,1056,0,0,1056,1620,0,1056,0,0,1056,0,0,1056,1620,120,588,0,348,1056,0,348,1056,0,348,1056,1620,924,1056,0,924,1056,0,924,1056,1620,1068,1056,0,1068,1056,0,1500,1056,0,1500,1056,0,1500,1056,1620,2136,1056,0,2136,1056,0,2136,1056,1620,1800,480,1440,1800,480,1620,2136,,,,,,,,,,,,,,,,,,,,,,,,,,,,,,,,,,,
CE58532,San Francisco - 47-story Office Bldg,47,2,2160,1464,2160,1464,-999,7200,49,STEEL,CE,E,3,NC,CA,US,37.7954,-122.396,94_CE58532,345,18,120,0,1080,120,1464,1080,0,3660,1080,120,732,240,120,732,240,120,732,1920,420,732,240,420,732,240,708,732,240,708,732,1920,3012,732,240,3012,732,240,3012,732,1920,6324,732,240,6324,732,1920,7044,732,240,7044,732,240,7044,732,1920,,,,,,,,,,,,,,,,,,,,,,,,,,,,,,,,,,,,,,,,,,,,,,,,,,,
CE58570,San Francisco - 6-story Police Hdqtrs,6,0,1740,3192,1740,1440,-999,1056,6,STEEL,CE,F,4,NC,CA,US,37.7725,-122.3891,95_CE58570,356,12,0,2184,1680,0,2556,240,0,2556,240,504,2556,240,504,2184,1680,504,2556,240,720,2556,240,720,2184,1800,720,2556,240,1044,2556,240,1044,2184,1680,1044,2556,240,,,,,,,,,,,,,,,,,,,,,,,,,,,,,,,,,,,,,,,,,,,,,,,,,,,,,,,,,,,,,,,,,,,,,
CE58571,San Francisco - 7-story Govt Office Bldg,7,1,2112,3192,900,2460,-999,1056,8,STEEL,CE,F,4,NC,CA,US,37.7725,-122.3888,96_CE58571,,,0,1032,720,0,840,1440,0,0,3192,0,1032,720,0,840,2880,0,840,1080,360,1032,720,360,1032,2880,360,840,1080,744,1032,1080,744,1032,2880,744,840,1080,,,,,,,,,,,,,,,,,,,,,,,,,,,,,,,,,,,,,,,,,,,,,,,,,,,,,,,,,,,,,,,,,,,,,
CE58572,San Francisco - 6-story Univ Hospital,6,0,4560,5760,4560,5040,731,1152,6,STEEL,CE,C,2,nc,CA,US,37.7652,-122.3897,97_CE58572,357,18,0,2880,1080,0,2160,4320,0,2880,1080,0,2160,4320,0,1800,1440,432,2160,720,432,2160,3960,432,1800,1080,792,1800,1080,792,2520,3600,792,1800,1080,792,4560,720,792,3696,3960,1152,2160,1080,1152,1800,4320,1152,1800,1440,1152,4560,720,1152,4560,3960,,,,,,,,,,,,,,,,,,,,,,,,,,,,,,,,,,,,,,,,,,,,,,,,,,,
CE58590,Oakland - 12-story Hospital,12,1,3828,3132,3828,1392,-999,2496,13,STEEL,CE,D,4,NC,CA,US,37.8234,-122.2581,98_CE58590,27,18,0,0,3828,0,1392,3828,0,1392,3828,0,1740,0,0,1392,2088,600,348,3828,600,1392,1044,792,1044,3828,792,696,0,792,1392,1740,1068,1044,3828,1068,1392,1740,2496,1392,3480,2496,1392,0,2496,1392,2784,,,,,,,,,,,,,,,,,,,,,,,,,,,,,,,,,,,,,,,,,,,,,,,,,,,,,,,,,,,,
CE58593,Stanford - 3-story School Bldg,3,0,3360,1056,3360,1056,380,852,3,STEEL,CE,C/D,3,NC,CA,US,37.4318,-122.1719,99_CE58593,15,12,168,768,3180,168,288,2472,168,288,2472,168,768,3180,396,528,1944,396,528,3000,852,1944,396,852,528,3000,852,1944,396,852,1944,396,852,1944,396,852,528,3000,,,,,,,,,,,,,,,,,,,,,,,,,,,,,,,,,,,,,,,,,,,,,,,,,,,,,,,,,,,,,,,,,,,,,
CE58604,Palo Alto - 6-story Hospital,6,2,5340,4044,4500,1104,380,1584,8,STEEL,CE,C/D,1,nc,CA,US,37.4362,-122.1739,100_CE58604,,,,,,,,,,,,,,,,,,,,,,,,,,,,,,,,,,,,,,,,,,,,,,,,,,,,,,,,,,,,,,,,,,,,,,,,,,,,,,,,,,,,,,,,,,,,,,,,,,,,,,,,,,,
CE58615,Redwood City - 16-story Office Bldg,16,0,2700,1200,2700,1200,162,2868,16,STEEL,CE,E,6,NC,CA,US,37.5306,-122.264,101_CE58615,20,12,0,600,840,0,600,840,0,600,840,312,600,840,312,1200,840,1248,600,840,1248,600,2700,1248,1200,840,2664,1368,864,2664,600,2700,2664,1200,840,2664,0,840,,,,,,,,,,,,,,,,,,,,,,,,,,,,,,,,,,,,,,,,,,,,,,,,,,,,,,,,,,,,,,,,,,,,,
CE58620,Berkeley - 3-story S. Office Bldg,3,0,420,1080,420,1080,-999,480,3,STEEL,CE,C,1,nc,CA,US,37.8735,-122.2688,102_CE58620,351,14,0,408,168,0,408,168,0,408,168,120,240,372,120,240,372,180,408,168,180,408,168,180,408,168,180,108,996,300,240,372,300,240,372,420,192,168,420,192,168,420,312,936,,,,,,,,,,,,,,,,,,,,,,,,,,,,,,,,,,,,,,,,,,,,,,,,,,,,,,,,,,,,,,,
CE58638,Concord - 9-story Office Bldg,9,6,3000,1500,3000,1500,-999,2196,15,STEEL,CE,C,7,NC,CA,US,37.9738,-122.0373,103_CE58638,,14,108,1440,1500,108,0,1500,108,960,1500,108,720,3000,108,720,0,660,960,1500,660,960,1500,660,720,240,1260,960,1500,1260,960,1500,1260,720,240,2016,960,1500,2016,960,1500,2016,720,240,,,,,,,,,,,,,,,,,,,,,,,,,,,,,,,,,,,,,,,,,,,,,,,,,,,,,,,,,,,,,,,
CE58661,Castro Valley - 3-story Hosp [Demolished],3,0,864,1128,864,1128,457,480,3,STEEL,CE,C,4,NC,CA,US,37.6975,-122.0886,104_CE58661,10,11,0,1368,864,0,1368,864,0,1368,864,132,1368,864,132,240,864,132,1368,864,312,1368,864,312,1368,864,492,1368,864,492,240,864,492,1092,864,,,,,,,,,,,,,,,,,,,,,,,,,,,,,,,,,,,,,,,,,,,,,,,,,,,,,,,,,,,,,,,,,,,,,,,,
CE58675,Oakland - 18-story City Hall,,,,,,,295,,,STEEL,CE,D,14,NC,CA,US,37.8054,-122.2725,105_CE58675,,,,,,,,,,,,,,,,,,,,,,,,,,,,,,,,,,,,,,,,,,,,,,,,,,,,,,,,,,,,,,,,,,,,,,,,,,,,,,,,,,,,,,,,,,,,,,,,,,,,,,,,,,,
CE58680,San Francisco - 61-story Office Bldg,61,3,3264,2208,2004,2004,-999,,64,STEEL,CE,D,1,nc,CA,US,37.7898,-122.3969,106_CE58680,315,32,,,,,,,,,,,,,,,,,,,,,,,,,,,,,,,,,,,,,,,,,,,,,,,,,,,,,,,,,,,,,,,,,,,,,,,,,,,,,,,,,,,,,,,,,,,,,,,,,,,,,,,,,
CE58755,San Rafael - 5-story Hospital,5,0,2640,2640,1716,2400,,13488,5,,,,,,,,,,107_CE58755,346,12,0,0,1200,0,0,1200,204,0,1200,204,600,1680,204,1320,1680,504,600,1680,504,1320,1680,792,600,720,792,600,1680,792,1320,1680,792,0,1200,792,0,1200,,,,,,,,,,,,,,,,,,,,,,,,,,,,,,,,,,,,,,,,,,,,,,,,,,,,,,,,,,,,,,,,,,,,,
CE58768,San Francisco - 6-story Govt Office Bldg,6,1,1800,2100,1176,1740,-999,1116,7,STEEL,CE,D,19,nc,CA,US,37.7713,-122.4199,108_CE58768,25,11,108,1512,1800,108,756,1800,108,504,684,108,1008,1800,108,1008,1800,552,1008,684,552,1008,1800,552,1008,1800,888,684,552,888,684,552,888,1260,1800,,,,,,,,,,,,,,,,,,,,,,,,,,,,,,,,,,,,,,,,,,,,,,,,,,,,,,,,,,,,,,,,,,,,,,,,
CE58776,San Francisco - 14-story Gov Office Bldg,14,1,1812,4896,1812,4896,286,1152,15,STEEL,CE,D,6,NC,CA,US,37.781,-122.4177,109_CE58776,351,12,0,1212,2196,0,1212,2196,0,1212,2196,1296,1212,2196,1296,1212,2196,1440,1212,0,1440,1212,2196,1440,1212,4512,1440,1212,2196,2160,1212,2196,2160,1212,4512,2160,1212,2196,,,,,,,,,,,,,,,,,,,,,,,,,,,,,,,,,,,,,,,,,,,,,,,,,,,,,,,,,,,,,,,,,,,,,
CE58789,San Francisco - City Hall,5,0,3708,4896,3360,4896,286,2184,5,STEEL,CE,D,20,NC,CA,US,37.7788,-122.4193,110_CE58789,,18,0,1116,960,0,1116,960,0,1116,960,0,1116,3912,0,1116,960,0,1116,960,0,1116,960,0,1116,3912,960,1116,960,960,1116,960,960,1116,3912,1320,1440,1296,1320,1440,1296,1320,1440,1920,1968,1440,1296,1968,1440,1296,1968,1440,1920,3696,1680,2448,,,,,,,,,,,,,,,,,,,,,,,,,,,,,,,,,,,,,,,,,,,,,,,,,,,
CE67366,Sacramento - 16-story Govt Office Bldg,16,1,1752,1752,1752,1752,264,3696,17,STEEL,CE,D,2,NC,CA,US,38.5742,-121.5,111_CE67366,342,12,0,1620,936,0,1620,936,0,1620,936,672,0,1032,672,672,0,672,672,1716,1608,0,1032,1608,672,0,1608,672,1716,2916,0,1032,2916,672,0,2916,672,1524,,,,,,,,,,,,,,,,,,,,,,,,,,,,,,,,,,,,,,,,,,,,,,,,,,,,,,,,,,,,,,,,,,,,,
CE67402,West Sacramento - 18-story Office Bldg,17,1,2940,3780,1476,2676,264,3228,18,STEEL,CE,D,7,NC,CA,US,38.585,-121.5093,112_CE67402,350,15,0,576,576,0,576,576,0,576,576,0,600,2100,516,576,936,516,576,576,516,576,2100,696,576,936,696,576,576,1872,576,936,1872,576,576,1872,576,2100,2892,576,936,2892,576,576,2892,576,2100,,,,,,,,,,,,,,,,,,,,,,,,,,,,,,,,,,,,,,,,,,,,,,,,,,,,,,,,,,,,
CE67900,Sacramento - 25-story Office Bldg,25,1,3036,3024,2736,1524,264,2892,26,STEEL,CE,D,1,NC,CA,US,38.5817,-121.4918,113_CE67900,,15,0,720,1764,0,720,1764,0,720,1764,828,720,1764,828,720,1764,828,3312,1764,1608,360,0,1608,720,1764,1608,720,1764,1608,3312,1764,3324,720,1764,3324,720,1764,4272,720,288,4272,720,3036,4272,720,1764,,,,,,,,,,,,,,,,,,,,,,,,,,,,,,,,,,,,,,,,,,,,,,,,,,,,,,,,,,,,
CE68032,Fairfield - 3-story Hospital,3,0,2256,1224,2256,1224,-999,4272,3,STEEL,CE,D,7,NC,CA,US,38.2618,-122.0481,114_CE68032,360,12,0,240,1284,0,240,1284,0,1200,0,0,552,3000,552,240,1284,552,1200,0,360,240,1284,360,1200,0,360,0,552,540,240,1284,540,1200,0,540,0,552,,,,,,,,,,,,,,,,,,,,,,,,,,,,,,,,,,,,,,,,,,,,,,,,,,,,,,,,,,,,,,,,,,,,,
CE68341,San Rafael - 3-story Office Bldg,3,0,5388,2376,5388,2376,-999,540,3,STEEL,CE,C,3,NC,CA,US,38.0197,-122.5413,115_CE68341,20,16,0,1152,0,552,1152,0,552,1536,2304,552,1152,3840,552,768,4992,552,1536,2304,360,1536,2304,360,768,4992,360,1536,2304,192,1152,2304,192,768,4992,192,1152,2304,0,768,4992,0,1152,2304,0,1152,2304,0,1152,2304,,,,,,,,,,,,,,,,,,,,,,,,,,,,,,,,,,,,,,,,,,,,,,,,,,,,,,,,,
CE68430,Novato - 2-story Hospital,2,0,1380,4800,1200,4800,-999,348,2,STEEL,CE,E,1,NC,CA,US,38.0992,-122.56,116_CE68430,318,12,,,,,,,,,,,,,,,,,,,,,,,,,,,,,,,,,,,,,,,,,,,,,,,,,,,,,,,,,,,,,,,,,,,,,,,,,,,,,,,,,,,,,,,,,,,,,,,,,,,,,,,,,
CE68669,Santa Rosa - 4-story Hospital,4,1,3012,1848,3012,1848,464,984,5,STEEL,CE,C,4,NC,CA,US,38.4718,-122.727,117_CE68669,360,13,0,1080,120,0,1080,120,0,1080,120,0,1272,3000,168,792,1200,168,876,2772,516,1560,1500,516,1080,120,516,1080,2772,840,1488,1500,840,1080,120,840,1080,2772,840,1488,1500,,,,,,,,,,,,,,,,,,,,,,,,,,,,,,,,,,,,,,,,,,,,,,,,,,,,,,,,,,,,,,,,,,
CE99261,Crescent City - 1-story Hospital,1,0,,,,,620,4572,,STEEL,CE,C,4,NC,CA,US,41.7741,-124.194,118_CE99261,360,10,0,864,480,0,864,480,0,1152,1560,0,3408,1320,0,1152,480,0,1152,1800,0,2424,3000,0,1152,1800,0,2256,840,0,3408,840,,,,,,,,,,,,,,,,,,,,,,,,,,,,,,,,,,,,,,,,,,,,,,,,,,,,,,,,,,,,,,,,,,,,,,,,,,,
,,,,,,,,,,,,,,,,,,,,_,,,,,,,,,,,,,,,,,,,,,,,,,,,,,,,,,,,,,,,,,,,,,,,,,,,,,,,,,,,,,,,,,,,,,,,,,,,,,,,,,,,,,,,,,,,,,,,,,,,,,,,,,,,